{"files":["metodoquemabarriga.online_wpvivid-643a2fce65497_2023-04-15-05-02_backup_db.sql"],"tables":[{"name":"wp_wpforms_tasks_meta","size":16384,"rows":"1"},{"name":"wp_actionscheduler_claims","size":32768,"rows":"0"},{"name":"wp_actionscheduler_groups","size":32768,"rows":"2"},{"name":"wp_e_events","size":32768,"rows":"0"},{"name":"wp_links","size":32768,"rows":"0"},{"name":"wp_term_relationships","size":32768,"rows":"12"},{"name":"wp_actionscheduler_logs","size":49152,"rows":"72"},{"name":"wp_commentmeta","size":49152,"rows":"0"},{"name":"wp_litespeed_avatar","size":49152,"rows":"9"},{"name":"wp_litespeed_url","size":49152,"rows":"5"},{"name":"wp_term_taxonomy","size":49152,"rows":"11"},{"name":"wp_termmeta","size":49152,"rows":"0"},{"name":"wp_terms","size":49152,"rows":"11"},{"name":"wp_usermeta","size":49152,"rows":"22"},{"name":"wp_users","size":65536,"rows":"0"},{"name":"wp_comments","size":98304,"rows":"0"},{"name":"wp_litespeed_url_file","size":98304,"rows":"0"},{"name":"wp_simply_static_pages","size":114688,"rows":"75"},{"name":"wp_actionscheduler_actions","size":131072,"rows":"40"},{"name":"wp_posts","size":163840,"rows":"55"},{"name":"wp_postmeta","size":311296,"rows":"145"},{"name":"wp_options","size":2703360,"rows":"440"}],"dump_db":1,"file_type":"databases","home_url":"https:\/\/metodoquemabarriga.online","root_flag":"custom","php_version":"8.0.26","mysql_version":"10.5.15","wp_version":"6.1.1","file":"metodoquemabarriga.online_wpvivid-643a2fce65497_2023-04-15-05-02_backup_db.part001.zip"}